"Wind Speed","Current"
4.2,1.9000000000000001
6.6000000000000005,2.2
4.7,2
5.8,2.6
5.8,2.3
7.3,2.6
7.1000000000000005,2.7
6.4,2.4
4.6,2.2
4.2,1.5
5.9,2.2
6,2.6
5.3,2.3
5.1,1.9000000000000001
4.9,2.3
8.3,3.1
7.1000000000000005,2.3
9.2,2.9
4.4,1.8
8,2.6
5.1,2.1
5.8,2.5
7.7,2.8000000000000003
6.1000000000000005,2.4
5.5,2.2
4.7,2.3
4,2
8.6,2.5
5.6000000000000005,2.1
4.2,1.7
6.2,2.3
7.7,2.6
6.6000000000000005,2.9
6.9,2.6
