Wall time,Step,Value
1679688991.385264,0,0.6920367479324341
1679688991.709837,1,0.6919269561767578
1679688653.26059,2,0.6927652955055237
1679688992.291606,3,0.6917639970779419
1679688992.562415,4,0.6916146874427795
1679688654.120623,5,0.6927563548088074
1679688654.394667,6,0.6927525401115417
1679688993.41226,7,0.6913937926292419
1679688993.697657,8,0.6912879943847656
1679688993.9777353,9,0.6912631392478943
1679688994.269411,10,0.6912177801132202
1679688655.816564,11,0.692741870880127
1679688656.081989,12,0.6927369236946106
1679688995.130495,13,0.6909388899803162
1679688995.455096,14,0.6907671093940735
1679688995.74973,15,0.6905835270881653
1679688657.217746,16,0.6927288770675659
1679688996.30644,17,0.6903956532478333
1679688657.7720203,18,0.6927247047424316
1679688658.060836,19,0.6927213072776794
1679688997.287361,20,0.6900331377983093
1679688997.773941,21,0.689976692199707
1679688998.286193,22,0.6898567080497742
1679688659.242079,23,0.6927146315574646
1679688659.543864,24,0.6927111148834229
1679688660.03326,25,0.6927079558372498
1679689000.06705,26,0.6895086765289307
1679689000.356335,27,0.689441978931427
1679688661.486534,28,0.6926987171173096
1679688662.003116,29,0.6926941871643066
