Wall time,Step,Value
1679688718.694535,0,0.6925958395004272
1679689057.105688,1,0.7052639722824097
1679688719.334315,2,0.6920821666717529
1679689057.739031,3,0.7044944167137146
1679689058.035664,4,0.7040482759475708
1679689058.3393862,5,0.7038116455078125
1679689058.622242,6,0.7036146521568298
1679688720.775702,7,0.691100537776947
1679688721.071339,8,0.6907707452774048
1679688721.372731,9,0.6905727982521057
1679688721.661825,10,0.6905928254127502
1679689060.081332,11,0.7021569609642029
1679688722.232581,12,0.6903947591781616
1679688722.51142,13,0.6901360154151917
1679689060.980458,14,0.701395571231842
1679689061.2710552,15,0.7011503577232361
1679689061.710891,16,0.7009575963020325
1679689062.221626,17,0.7007598876953125
1679689062.75803,18,0.7004759311676025
1679689063.276934,19,0.7001751661300659
1679689063.803435,20,0.6998463869094849
1679689064.328028,21,0.6996126770973206
1679689064.6228192,22,0.6995256543159485
1679688726.654705,23,0.6886168718338013
1679689065.2442443,24,0.699180006980896
1679689065.572405,25,0.6989261507987976
1679689065.8717027,26,0.6987615823745728
1679688727.828431,27,0.687743067741394
1679689066.44087,28,0.6983247995376587
1679689066.756075,29,0.6980780363082886
