Wall time,Step,Value
1679688969.925133,0,0.6929134130477905
1679688970.266022,1,0.6928997039794922
1679688641.920699,2,0.6935142874717712
1679688642.208704,3,0.6930651664733887
1679688971.180452,4,0.69284987449646
1679688971.47533,5,0.6928236484527588
1679688643.153869,6,0.6918272972106934
1679688972.079503,7,0.6927894353866577
1679688643.769431,8,0.6905114650726318
1679688973.394448,9,0.6927762031555176
1679688644.3618538,10,0.6902772784233093
1679688644.684005,11,0.6900715231895447
1679688645.030405,12,0.6897268891334534
1679688645.311993,13,0.6894751787185669
1679688975.623112,14,0.6926903128623962
1679688975.927205,15,0.6926741003990173
1679688976.220412,16,0.6926625967025757
1679688976.511752,17,0.6926514506340027
1679688646.922177,18,0.6878109574317932
1679688977.127336,19,0.6926210522651672
1679688647.975344,20,0.6870749592781067
1679688977.705363,21,0.6925985217094421
1679688978.006957,22,0.6925817131996155
1679688649.506399,23,0.6867392063140869
1679688978.584907,24,0.6925612688064575
1679688978.882597,25,0.6925426125526428
1679688979.210127,26,0.6925263404846191
1679688979.5042372,27,0.6925143003463745
1679688979.795747,28,0.6924946904182434
1679688651.277747,29,0.6859772205352783
