Wall time,Step,Value
1679688794.7795293,0,0.694543719291687
1679688795.101922,1,0.6944211721420288
1679688795.396627,2,0.6942822337150574
1679688795.673598,3,0.694141685962677
1679688795.951013,4,0.6940224766731262
1679689145.516998,5,0.693213939666748
1679689145.800607,6,0.6931016445159912
1679689146.076673,7,0.6930363178253174
1679689146.357771,8,0.6929365396499634
1679688797.377013,9,0.6932117342948914
1679689146.939908,10,0.6927556991577148
1679689147.216771,11,0.6926780343055725
1679688798.221598,12,0.6927536725997925
1679689147.810392,13,0.6924741864204407
1679688798.772945,14,0.692627489566803
1679688799.0997922,15,0.6925696730613708
1679688799.382439,16,0.6924768090248108
1679689148.947261,17,0.6920552253723145
1679689149.266722,18,0.6919271349906921
1679689149.54455,19,0.6918136477470398
1679689149.8241842,20,0.6917140483856201
1679689150.110903,21,0.6915966272354126
1679688801.183458,22,0.6917967200279236
1679689150.704397,23,0.6914340853691101
1679688802.121863,24,0.6916089057922363
1679688802.614358,25,0.6915528774261475
1679689152.194598,26,0.6912212371826172
1679689152.725043,27,0.6910544037818909
1679688804.120719,28,0.6912400126457214
1679688804.426596,29,0.69114089012146
