Wall time,Step,Value
1679688958.536718,0,0.6911559104919434
1679688958.864918,1,0.6909806132316589
1679688959.150524,2,0.6909428834915161
1679688959.591437,3,0.690911054611206
1679688631.1122,4,0.6991480588912964
1679688631.412465,5,0.6991333365440369
1679688631.706653,6,0.6990817785263062
1679688961.6922853,7,0.6904894709587097
1679688632.284502,8,0.6989670395851135
1679688962.486061,9,0.690406858921051
1679688632.883006,10,0.6989182233810425
1679688633.188884,11,0.6988756060600281
1679688633.485101,12,0.6988049745559692
1679688963.674641,13,0.6900089383125305
1679688634.4556,14,0.698715329170227
1679688634.958008,15,0.6986532807350159
1679688964.755884,16,0.6897619962692261
1679688965.041481,17,0.6896716356277466
1679688965.318848,18,0.6895947456359863
1679688636.855967,19,0.6984720230102539
1679688965.902923,20,0.6895663142204285
1679688637.449149,21,0.698295533657074
1679688637.745258,22,0.6982652544975281
1679688638.025911,23,0.6981784701347351
1679688638.321062,24,0.6981133222579956
1679688967.334184,25,0.6890026330947876
1679688967.62339,26,0.6888547539710999
1679688639.203304,27,0.697942852973938
1679688968.206467,28,0.6887442469596863
1679688639.7899232,29,0.6978487372398376
