Wall time,Step,Value
1679689013.83852,0,0.6950401663780212
1679688675.4026313,1,0.6905497908592224
1679689014.47463,2,0.6949759125709534
1679688676.021335,3,0.6892440319061279
1679688676.3096383,4,0.6885977387428284
1679688676.580127,5,0.6880896091461182
1679689015.618908,6,0.6948909759521484
1679688677.145446,7,0.6872544288635254
1679689016.212257,8,0.694870114326477
1679689016.53858,9,0.6948550939559937
1679689016.821027,10,0.6948201656341553
1679688678.413195,11,0.6858430504798889
1679689017.4280362,12,0.6947905421257019
1679689017.721647,13,0.6947678327560425
1679689018.003468,14,0.6947659254074097
1679688679.58664,15,0.6845952272415161
1679689018.56399,16,0.6947349309921265
1679689018.843757,17,0.6947235465049744
1679688680.460504,18,0.6831527948379517
1679688680.786545,19,0.6829660534858704
1679688681.063116,20,0.6822783350944519
1679688681.353869,21,0.6821061372756958
1679689020.266046,22,0.694585919380188
1679688681.907139,23,0.6814864873886108
1679688682.204455,24,0.6812480092048645
1679688682.489339,25,0.6806945204734802
1679688682.770499,26,0.6803174614906311
1679689021.6888099,27,0.6944822072982788
1679688683.385139,28,0.6798974871635437
1679689022.230805,29,0.6944182515144348
