Wall time,Step,Value
1679689034.29581,0,0.6948140859603882
1679688696.764506,1,0.6905685663223267
1679689034.899555,2,0.6946693658828735
1679689035.177061,3,0.6946132779121399
1679688697.741025,4,0.6902034878730774
1679688698.22725,5,0.6901029348373413
1679688698.778381,6,0.6900511980056763
1679688699.255807,7,0.6899396777153015
1679688699.781623,8,0.6898355484008789
1679688700.262381,9,0.689781129360199
1679689038.448325,10,0.6941623091697693
1679689038.756202,11,0.6941102743148804
1679688701.206604,12,0.6895686984062195
1679688701.475295,13,0.6894684433937073
1679688701.770343,14,0.6893609762191772
1679688702.0569,15,0.6892932653427124
1679688702.339299,16,0.6892017722129822
1679688702.66427,17,0.6891165971755981
1679688702.959437,18,0.6889588832855225
1679688703.247797,19,0.6889104843139648
1679688703.5497909,20,0.6887760162353516
1679688703.847677,21,0.6887048482894897
1679689041.895109,22,0.6933643221855164
1679688704.429525,23,0.6886908411979675
1679688704.715431,24,0.6886336803436279
1679688705.00311,25,0.6885973811149597
1679688705.289876,26,0.6885380148887634
1679688705.583131,27,0.688453197479248
1679689043.607555,28,0.6929351687431335
1679689043.874783,29,0.6928614377975464
