Wall time,Step,Value
1679689002.592034,0,0.6907703280448914
1679688663.852421,1,0.6896500587463379
1679689003.229835,2,0.6903361678123474
1679689003.514444,3,0.6901470422744751
1679689003.805866,4,0.6900432705879211
1679688665.015961,5,0.6885986924171448
1679689004.379923,6,0.6897647380828857
1679688665.604191,7,0.6882809400558472
1679688665.886318,8,0.6883490085601807
1679688666.176498,9,0.6880686283111572
1679688666.463859,10,0.687690794467926
1679689005.775461,11,0.6890915036201477
1679689006.051382,12,0.6888301372528076
1679689006.345757,13,0.688575267791748
1679688667.617594,14,0.6870965361595154
1679689006.903415,15,0.6884539723396301
1679689007.188496,16,0.6884409189224243
1679688668.485143,17,0.6865840554237366
1679689007.77223,18,0.6881396174430847
1679688669.06991,19,0.6864163279533386
1679688669.354079,20,0.6862013339996338
1679689008.630374,21,0.6876330375671387
1679688669.981294,22,0.6858000755310059
1679689009.228992,23,0.6874971389770508
1679688670.595792,24,0.6855551600456238
1679689009.8105652,25,0.6874200701713562
1679688671.1850328,26,0.6852889060974121
1679688671.475818,27,0.6851280927658081
1679688671.778059,28,0.6851115822792053
1679688672.067541,29,0.6849966049194336
