Wall time,Step,Value
1679689090.058886,0,0.6928828954696655
1679689090.401007,1,0.6928526759147644
1679688752.246602,2,0.6943804621696472
1679689090.983751,3,0.6928083300590515
1679689091.287652,4,0.6927555203437805
1679688753.075375,5,0.6943547129631042
1679688753.359207,6,0.6943198442459106
1679688753.633728,7,0.6942969560623169
1679688753.921681,8,0.6942703723907471
1679689092.787274,9,0.692619264125824
1679689093.0636077,10,0.6926076412200928
1679688754.769896,11,0.6942338943481445
1679688755.0585291,12,0.6942089796066284
1679688755.3331,13,0.694200873374939
1679689094.278105,14,0.6924728155136108
1679689094.600713,15,0.6924573183059692
1679689094.931292,16,0.6924433708190918
1679688756.442549,17,0.6940785050392151
1679689095.547604,18,0.6923618912696838
1679689095.845195,19,0.6923189163208008
1679688757.278476,20,0.6940535306930542
1679688757.55226,21,0.6940008401870728
1679688757.836684,22,0.6939804553985596
1679688758.123606,23,0.6939346790313721
1679689097.317943,24,0.6921824812889099
1679689097.601364,25,0.692147433757782
1679689097.888019,26,0.6921094059944153
1679688759.2910411,27,0.6938339471817017
1679689098.481494,28,0.6920523047447205
1679689098.783802,29,0.692033588886261
