Wall time,Step,Value
1679689121.754932,0,0.6918584108352661
1679688772.796806,1,0.7079562544822693
1679688773.071938,2,0.7077536582946777
1679689122.640495,3,0.6910372972488403
1679689122.934998,4,0.690902829170227
1679689123.213328,5,0.6907670497894287
1679689123.486729,6,0.6905264258384705
1679688774.492479,7,0.7067471742630005
1679689124.067582,8,0.6899897456169128
1679689124.346745,9,0.6897363066673279
1679689124.628133,10,0.6895711421966553
1679688775.9394157,11,0.7058910131454468
1679689125.511362,12,0.6891579031944275
1679689126.001119,13,0.6888777017593384
1679689126.482022,14,0.6886231899261475
1679688777.870711,15,0.7052327394485474
1679689127.435594,16,0.6885032057762146
1679689127.836143,17,0.688330352306366
1679689128.113986,18,0.6882762908935547
1679689128.395315,19,0.688147246837616
1679689128.682698,20,0.6880089044570923
1679688779.755941,21,0.7041826248168945
1679689129.247212,22,0.6878218650817871
1679688780.3601,23,0.7039257287979126
1679689129.800151,24,0.6875359416007996
1679688780.938396,25,0.7034627199172974
1679688781.225884,26,0.7033267021179199
1679688781.5148287,27,0.7032074928283691
1679688781.797662,28,0.703016459941864
1679688782.080231,29,0.7028809785842896
