Wall time,Step,Value
1679688707.5759,0,0.7142772674560547
1679689045.742625,1,0.6922256946563721
1679689046.026596,2,0.6919499039649963
1679689046.35209,3,0.6912558674812317
1679689046.695724,4,0.6910643577575684
1679688709.069768,5,0.7023709416389465
1679688709.34772,6,0.7014012932777405
1679689047.578219,7,0.6903669238090515
1679688709.922105,8,0.6997408866882324
1679688710.235873,9,0.6990545988082886
1679689048.514695,10,0.6896882653236389
1679689049.024726,11,0.6895094513893127
1679688711.578689,12,0.696979284286499
1679688712.146757,13,0.6962387561798096
1679689050.610341,14,0.6879962682723999
1679688713.156251,15,0.6955165266990662
1679689051.493666,16,0.687661349773407
1679689051.775977,17,0.6876575350761414
1679688714.1577358,18,0.6945812106132507
1679689052.3566642,19,0.687264621257782
1679688714.723206,20,0.6938939690589905
1679689052.92841,21,0.6869648694992065
1679689053.209134,22,0.6865617036819458
1679688715.560894,23,0.6932024955749512
1679689053.780405,24,0.6861357092857361
1679689054.093595,25,0.6859037280082703
1679688716.400924,26,0.692444920539856
1679689054.731006,27,0.6856028437614441
1679688716.98566,28,0.6919965744018555
1679688717.276409,29,0.6916859745979309
