Wall time,Step,Value
1679688828.101945,0,0.7000758647918701
1679689178.617342,1,0.6939162611961365
1679688829.15555,2,0.69864821434021
1679689179.1910703,3,0.6938971877098083
1679688830.050809,4,0.6974228620529175
1679688830.321038,5,0.6968309879302979
1679688830.634065,6,0.696220338344574
1679689180.322798,7,0.6938647031784058
1679689180.6277137,8,0.6938564777374268
1679689180.965034,9,0.693848729133606
1679688831.742986,10,0.6941590905189514
1679688832.027549,11,0.6939614415168762
1679689181.81442,12,0.6938188076019287
1679688832.576285,13,0.6934197545051575
1679689182.375462,14,0.6937976479530334
1679688833.147807,15,0.6930201649665833
1679689182.950221,16,0.6937817335128784
1679688833.714635,17,0.6926215887069702
1679688833.988582,18,0.6924415826797485
1679688834.281936,19,0.6920871734619141
1679688834.557297,20,0.6918115019798279
1679689184.408098,21,0.6937435865402222
1679689184.693529,22,0.6937365531921387
1679688835.4235232,23,0.6912378072738647
1679688835.701209,24,0.6910284757614136
1679689185.609593,25,0.6937147378921509
1679688836.250782,26,0.690819501876831
1679688836.527153,27,0.6906312108039856
1679688836.820423,28,0.6905168890953064
1679689186.7659447,29,0.693681001663208
