Wall time,Step,Value
1679688948.534524,0,0.7121666669845581
1679688609.010198,1,0.6882320046424866
1679688609.474382,2,0.6881620287895203
1679688949.71286,3,0.7113412022590637
1679688950.004978,4,0.7110307812690735
1679688950.289195,5,0.7106078267097473
1679688950.570461,6,0.7103340029716492
1679688611.942701,7,0.6879618763923645
1679688612.261106,8,0.6878550052642822
1679688612.587015,9,0.6878327131271362
1679688612.884637,10,0.6878042221069336
1679688613.174212,11,0.6877289414405823
1679688952.28973,12,0.7087277173995972
1679688613.797504,13,0.6875714063644409
1679688614.077201,14,0.6874929666519165
1679688953.144427,15,0.7079833149909973
1679688953.4293242,16,0.7078104019165039
1679688953.7116807,17,0.7076582908630371
1679688615.279755,18,0.6872724890708923
1679688615.572761,19,0.687182605266571
1679688615.865929,20,0.6871225833892822
1679688616.1499908,21,0.68703693151474
1679688616.451535,22,0.6869981288909912
1679688955.402116,23,0.7065780758857727
1679688617.062205,24,0.6869027614593506
1679688955.96769,25,0.7062854766845703
1679688617.624229,26,0.6868095397949219
1679688956.530399,27,0.7060211300849915
1679688618.186502,28,0.6866880655288696
1679688957.090514,29,0.7057610154151917
